{
 "0": {
  "variance": 0.9946864529156184,
  "bias": 0.00157670050812533
 }
}