{
 "0": {
  "variance": 0.8977955190621963,
  "bias": -0.004724681514974147
 },
 "1": {
  "variance": 0.09855837347633391,
  "bias": 0.2889230159460314,
  "0": 0.49435455945429185
 },
 "2": {
  "variance": 1.4093760292889541,
  "bias": 0.26132900381605756,
  "0": -0.49568402590247973,
  "1": 0.7503921753237106
 }
}