{
 "0": {
  "variance": 0.9974877408077166,
  "bias": -0.0020013618887850847
 },
 "1": {
  "variance": 0.09995851021893441,
  "bias": 0.3016807769192864,
  "0": 0.5007563285952996
 },
 "2": {
  "variance": 1.4939431801634702,
  "bias": 0.3009872805903104,
  "0": -0.5053310270807025,
  "1": 0.8015230035544896
 }
}