{
 "var": [
  0,
  1,
  2,
  3,
  4
 ],
 "card": [
  2,
  2,
  3,
  2,
  2
 ],
 "val": [
  0.011666666666666667,
  0.02322222222222222,
  0.0,
  0.0011111111111111111,
  0.058444444444444445,
  0.009222222222222222,
  0.003111111111111111,
  0.0028888888888888888,
  0.11333333333333333,
  0.005333333333333333,
  0.024777777777777777,
  0.0047777777777777775,
  0.10666666666666667,
  0.213,
  0.0014444444444444444,
  0.011,
  0.09788888888888889,
  0.014222222222222223,
  0.0074444444444444445,
  0.005222222222222222,
  0.001,
  0.00022222222222222223,
  0.00044444444444444447,
  0.0,
  0.0011111111111111111,
  0.0012222222222222222,
  0.0007777777777777777,
  0.004888888888888889,
  0.004111111111111111,
  0.00044444444444444447,
  0.016,
  0.01211111111111111,
  0.0064444444444444445,
  0.0007777777777777777,
  0.09788888888888889,
  0.019777777777777776,
  0.005222222222222222,
  0.009888888888888888,
  0.00811111111111111,
  0.04411111111111111,
  0.004666666666666667,
  0.0005555555555555556,
  0.023666666666666666,
  0.02011111111111111,
  0.0003333333333333333,
  0.0,
  0.0007777777777777777,
  0.0005555555555555556
 ]
}