{
 "var": [
  0,
  1,
  3,
  4
 ],
 "card": [
  2,
  2,
  2,
  2
 ],
 "val": [
  0.16111111111111112,
  0.06088888888888889,
  0.023333333333333334,
  0.008555555555555556,
  0.23922222222222222,
  0.0918888888888889,
  0.036444444444444446,
  0.014222222222222223,
  0.007666666666666666,
  0.003,
  0.0961111111111111,
  0.036,
  0.011777777777777778,
  0.0038888888888888888,
  0.14533333333333334,
  0.06055555555555556
 ]
}