{
 "var": [
  0,
  1,
  2,
  3,
  4,
  5,
  6,
  7,
  8,
  9
 ],
 "card": [
  2,
  2,
  2,
  2,
  2,
  2,
  2,
  2,
  2,
  2
 ],
 "val": [
  0.0,
  0.0,
  0.0,
  0.0,
  0.0,
  0.0,
  0.0,
  0.0003333333333333333,
  0.00011111111111111112,
  0.0003333333333333333,
  0.0,
  0.00011111111111111112,
  0.00011111111111111112,
  0.00011111111111111112,
  0.0,
  0.0005555555555555556,
  0.0,
  0.0,
  0.00011111111111111112,
  0.00011111111111111112,
  0.00044444444444444447,
  0.0007777777777777777,
  0.0,
  0.0006666666666666666,
  0.0003333333333333333,
  0.0006666666666666666,
  0.00044444444444444447,
  0.00022222222222222223,
  0.0,
  0.0005555555555555556,
  0.0008888888888888889,
  0.0026666666666666666,
  0.0,
  0.0,
  0.0,
  0.0,
  0.0,
  0.0,
  0.0,
  0.0,
  0.0,
  0.0,
  0.00011111111111111112,
  0.00011111111111111112,
  0.0,
  0.0,
  0.0,
  0.0,
  0.0,
  0.0,
  0.0,
  0.0,
  0.0,
  0.0008888888888888889,
  0.00011111111111111112,
  0.0005555555555555556,
  0.0,
  0.0,
  0.0,
  0.00022222222222222223,
  0.0,
  0.00011111111111111112,
  0.0,
  0.00022222222222222223,
  0.0,
  0.00011111111111111112,
  0.0,
  0.00044444444444444447,
  0.00022222222222222223,
  0.001888888888888889,
  0.00011111111111111112,
  0.0014444444444444444,
  0.0008888888888888889,
  0.0008888888888888889,
  0.0008888888888888889,
  0.0008888888888888889,
  0.0,
  0.00022222222222222223,
  0.00011111111111111112,
  0.001,
  0.00011111111111111112,
  0.0,
  0.00022222222222222223,
  0.00044444444444444447,
  0.0006666666666666666,
  0.0074444444444444445,
  0.0005555555555555556,
  0.004333333333333333,
  0.001,
  0.0012222222222222222,
  0.0011111111111111111,
  0.0011111111111111111,
  0.0005555555555555556,
  0.0024444444444444444,
  0.0013333333333333333,
  0.008222222222222223,
  0.00011111111111111112,
  0.0005555555555555556,
  0.00044444444444444447,
  0.00044444444444444447,
  0.00022222222222222223,
  0.001888888888888889,
  0.00044444444444444447,
  0.0005555555555555556,
  0.0,
  0.00022222222222222223,
  0.0,
  0.0,
  0.0,
  0.0,
  0.00011111111111111112,
  0.00011111111111111112,
  0.00011111111111111112,
  0.0003333333333333333,
  0.0007777777777777777,
  0.0007777777777777777,
  0.0012222222222222222,
  0.011333333333333334,
  0.00044444444444444447,
  0.002777777777777778,
  0.0,
  0.00022222222222222223,
  0.00011111111111111112,
  0.00011111111111111112,
  0.0,
  0.0003333333333333333,
  0.00011111111111111112,
  0.0007777777777777777,
  0.0,
  0.0,
  0.0,
  0.0,
  0.0,
  0.00022222222222222223,
  0.0,
  0.00011111111111111112,
  0.0,
  0.0003333333333333333,
  0.0003333333333333333,
  0.00011111111111111112,
  0.0,
  0.00011111111111111112,
  0.0,
  0.0005555555555555556,
  0.0,
  0.0,
  0.0,
  0.0,
  0.0,
  0.0016666666666666668,
  0.00011111111111111112,
  0.0011111111111111111,
  0.0006666666666666666,
  0.0016666666666666668,
  0.0006666666666666666,
  0.0011111111111111111,
  0.00011111111111111112,
  0.002111111111111111,
  0.0015555555555555555,
  0.0054444444444444445,
  0.0,
  0.0,
  0.00011111111111111112,
  0.00011111111111111112,
  0.00011111111111111112,
  0.00022222222222222223,
  0.00011111111111111112,
  0.0,
  0.0,
  0.00011111111111111112,
  0.0,
  0.0,
  0.0,
  0.0,
  0.0,
  0.0,
  0.0,
  0.00011111111111111112,
  0.00022222222222222223,
  0.00011111111111111112,
  0.00011111111111111112,
  0.0016666666666666668,
  0.00022222222222222223,
  0.0007777777777777777,
  0.00011111111111111112,
  0.00011111111111111112,
  0.00011111111111111112,
  0.0,
  0.00011111111111111112,
  0.00044444444444444447,
  0.0,
  0.00011111111111111112,
  0.00022222222222222223,
  0.0003333333333333333,
  0.0007777777777777777,
  0.00022222222222222223,
  0.00011111111111111112,
  0.0013333333333333333,
  0.0003333333333333333,
  0.0013333333333333333,
  0.0005555555555555556,
  0.001,
  0.0005555555555555556,
  0.001,
  0.00022222222222222223,
  0.00011111111111111112,
  0.0,
  0.0012222222222222222,
  0.0,
  0.0005555555555555556,
  0.0012222222222222222,
  0.0011111111111111111,
  0.0012222222222222222,
  0.019555555555555555,
  0.0016666666666666668,
  0.007666666666666666,
  0.0016666666666666668,
  0.0036666666666666666,
  0.0033333333333333335,
  0.002777777777777778,
  0.00011111111111111112,
  0.005111111111111111,
  0.0032222222222222222,
  0.013444444444444445,
  0.00011111111111111112,
  0.00011111111111111112,
  0.00044444444444444447,
  0.00044444444444444447,
  0.00011111111111111112,
  0.0013333333333333333,
  0.00011111111111111112,
  0.001,
  0.0,
  0.00011111111111111112,
  0.0,
  0.0003333333333333333,
  0.0,
  0.0,
  0.0,
  0.00011111111111111112,
  0.0,
  0.0003333333333333333,
  0.0008888888888888889,
  0.0011111111111111111,
  0.0017777777777777779,
  0.02322222222222222,
  0.0016666666666666668,
  0.010888888888888889,
  0.00022222222222222223,
  0.0005555555555555556,
  0.00011111111111111112,
  0.00011111111111111112,
  0.0,
  0.0003333333333333333,
  0.00044444444444444447,
  0.0014444444444444444,
  0.0,
  0.0,
  0.0,
  0.00011111111111111112,
  0.0,
  0.0,
  0.0,
  0.0,
  0.00011111111111111112,
  0.00011111111111111112,
  0.0,
  0.00011111111111111112,
  0.0,
  0.0,
  0.0,
  0.0,
  0.0,
  0.0,
  0.00011111111111111112,
  0.0,
  0.0005555555555555556,
  0.003111111111111111,
  0.00022222222222222223,
  0.0013333333333333333,
  0.0007777777777777777,
  0.0032222222222222222,
  0.0023333333333333335,
  0.0028888888888888888,
  0.0,
  0.001888888888888889,
  0.002111111111111111,
  0.008888888888888889,
  0.0,
  0.0,
  0.0,
  0.0,
  0.0,
  0.0,
  0.0,
  0.0,
  0.0,
  0.0,
  0.0,
  0.00011111111111111112,
  0.0,
  0.0,
  0.0,
  0.0,
  0.0,
  0.0,
  0.00022222222222222223,
  0.0003333333333333333,
  0.00011111111111111112,
  0.004,
  0.00022222222222222223,
  0.0017777777777777779,
  0.00022222222222222223,
  0.00011111111111111112,
  0.00011111111111111112,
  0.0,
  0.0,
  0.0003333333333333333,
  0.00022222222222222223,
  0.0006666666666666666,
  0.0,
  0.0,
  0.0,
  0.00011111111111111112,
  0.0,
  0.0,
  0.0,
  0.0,
  0.0,
  0.0,
  0.0,
  0.0,
  0.0,
  0.0,
  0.0,
  0.00011111111111111112,
  0.0,
  0.0003333333333333333,
  0.00044444444444444447,
  0.00044444444444444447,
  0.001,
  0.005111111111111111,
  0.0003333333333333333,
  0.0022222222222222222,
  0.0008888888888888889,
  0.0011111111111111111,
  0.0007777777777777777,
  0.0006666666666666666,
  0.0,
  0.002,
  0.0011111111111111111,
  0.004666666666666667,
  0.0,
  0.0,
  0.0,
  0.0,
  0.0,
  0.00011111111111111112,
  0.0,
  0.0,
  0.0,
  0.0,
  0.0,
  0.0,
  0.0,
  0.0,
  0.0,
  0.0,
  0.0,
  0.0003333333333333333,
  0.0006666666666666666,
  0.00011111111111111112,
  0.00044444444444444447,
  0.0067777777777777775,
  0.0006666666666666666,
  0.004,
  0.00011111111111111112,
  0.00022222222222222223,
  0.00022222222222222223,
  0.0,
  0.00011111111111111112,
  0.0003333333333333333,
  0.00011111111111111112,
  0.0005555555555555556,
  0.0,
  0.0,
  0.00011111111111111112,
  0.00011111111111111112,
  0.00011111111111111112,
  0.00044444444444444447,
  0.0,
  0.00022222222222222223,
  0.00044444444444444447,
  0.002111111111111111,
  0.0013333333333333333,
  0.0014444444444444444,
  0.0,
  0.0007777777777777777,
  0.0003333333333333333,
  0.0016666666666666668,
  0.00011111111111111112,
  0.0,
  0.00022222222222222223,
  0.0,
  0.0003333333333333333,
  0.003111111111111111,
  0.00011111111111111112,
  0.0016666666666666668,
  0.0011111111111111111,
  0.0034444444444444444,
  0.0017777777777777779,
  0.0016666666666666668,
  0.0003333333333333333,
  0.0035555555555555557,
  0.003,
  0.008777777777777778,
  0.0,
  0.00011111111111111112,
  0.00011111111111111112,
  0.00022222222222222223,
  0.0,
  0.0006666666666666666,
  0.00022222222222222223,
  0.0006666666666666666,
  0.00011111111111111112,
  0.0003333333333333333,
  0.0,
  0.0,
  0.0,
  0.00011111111111111112,
  0.0,
  0.0,
  0.0,
  0.0,
  0.00011111111111111112,
  0.00011111111111111112,
  0.00044444444444444447,
