{
 "var": [
  0,
  1,
  3,
  4,
  6,
  7,
  8,
  9
 ],
 "card": [
  2,
  2,
  2,
  2,
  2,
  2,
  2,
  2
 ],
 "val": [
  0.0,
  0.0008888888888888889,
  0.00022222222222222223,
  0.0003333333333333333,
  0.0,
  0.00022222222222222223,
  0.0,
  0.0003333333333333333,
  0.00022222222222222223,
  0.005,
  0.0003333333333333333,
  0.0014444444444444444,
  0.0,
  0.00011111111111111112,
  0.00011111111111111112,
  0.0007777777777777777,
  0.00022222222222222223,
  0.005111111111111111,
  0.001,
  0.0023333333333333335,
  0.0,
  0.00011111111111111112,
  0.00022222222222222223,
  0.0006666666666666666,
  0.003,
  0.034666666666666665,
  0.003777777777777778,
  0.019333333333333334,
  0.0,
  0.0008888888888888889,
  0.0007777777777777777,
  0.003,
  0.0,
  0.0007777777777777777,
  0.0,
  0.0003333333333333333,
  0.0,
  0.0,
  0.0,
  0.00022222222222222223,
  0.0008888888888888889,
  0.008,
  0.00044444444444444447,
  0.0033333333333333335,
  0.0,
  0.00044444444444444447,
  0.0005555555555555556,
  0.0015555555555555555,
  0.0005555555555555556,
  0.007333333333333333,
  0.0006666666666666666,
  0.0038888888888888888,
  0.0,
  0.0,
  0.00022222222222222223,
  0.0005555555555555556,
  0.008444444444444444,
  0.07744444444444444,
  0.008333333333333333,
  0.03766666666666667,
  0.00022222222222222223,
  0.002,
  0.0013333333333333333,
  0.0067777777777777775,
  0.0,
  0.0,
  0.0,
  0.00011111111111111112,
  0.0,
  0.0,
  0.0,
  0.0,
  0.001,
  0.013111111111111112,
  0.0015555555555555555,
  0.006,
  0.0,
  0.0008888888888888889,
  0.001,
  0.004,
  0.00011111111111111112,
  0.0003333333333333333,
  0.0,
  0.0,
  0.0,
  0.0,
  0.0,
  0.0,
  0.0015555555555555555,
  0.028,
  0.0033333333333333335,
  0.012777777777777779,
  0.0,
  0.0008888888888888889,
  0.00044444444444444447,
  0.0016666666666666668,
  0.00044444444444444447,
  0.0034444444444444444,
  0.00022222222222222223,
  0.0017777777777777779,
  0.0,
  0.00011111111111111112,
  0.0003333333333333333,
  0.00044444444444444447,
  0.0024444444444444444,
  0.016777777777777777,
  0.0014444444444444444,
  0.00788888888888889,
  0.0,
  0.0015555555555555555,
  0.0011111111111111111,
  0.004333333333333333,
  0.0007777777777777777,
  0.006111111111111111,
  0.0005555555555555556,
  0.003777777777777778,
  0.0,
  0.00022222222222222223,
  0.00022222222222222223,
  0.0005555555555555556,
  0.0024444444444444444,
  0.03077777777777778,
  0.004333333333333333,
  0.01588888888888889,
  0.0,
  0.001,
  0.0005555555555555556,
  0.002111111111111111,
  0.0006666666666666666,
  0.0024444444444444444,
  0.00022222222222222223,
  0.0012222222222222222,
  0.0,
  0.00022222222222222223,
  0.0,
  0.0003333333333333333,
  0.0012222222222222222,
  0.011,
  0.0013333333333333333,
  0.0067777777777777775,
  0.0,
  0.0007777777777777777,
  0.001,
  0.0036666666666666666,
  0.00011111111111111112,
  0.00022222222222222223,
  0.00011111111111111112,
  0.00044444444444444447,
  0.0,
  0.0,
  0.0,
  0.0,
  0.00022222222222222223,
  0.0038888888888888888,
  0.00044444444444444447,
  0.0014444444444444444,
  0.0,
  0.00011111111111111112,
  0.0,
  0.00011111111111111112,
  0.0003333333333333333,
  0.0017777777777777779,
  0.00022222222222222223,
  0.0015555555555555555,
  0.0,
  0.00011111111111111112,
  0.0,
  0.0013333333333333333,
  0.0028888888888888888,
  0.02722222222222222,
  0.002777777777777778,
  0.013111111111111112,
  0.00022222222222222223,
  0.002777777777777778,
  0.0014444444444444444,
  0.007555555555555556,
  0.0,
  0.0008888888888888889,
  0.0,
  0.0003333333333333333,
  0.0,
  0.0,
  0.0,
  0.0,
  0.001,
  0.006222222222222222,
  0.0008888888888888889,
  0.004111111111111111,
  0.0,
  0.00022222222222222223,
  0.0003333333333333333,
  0.00044444444444444447,
  0.0,
  0.00011111111111111112,
  0.0,
  0.0003333333333333333,
  0.0,
  0.00011111111111111112,
  0.0,
  0.0,
  0.0025555555555555557,
  0.029666666666666668,
  0.0034444444444444444,
  0.012444444444444444,
  0.00011111111111111112,
  0.0022222222222222222,
  0.0017777777777777779,
  0.009111111111111111,
  0.00022222222222222223,
  0.0006666666666666666,
  0.0,
  0.0003333333333333333,
  0.0,
  0.0,
  0.0,
  0.00011111111111111112,
  0.005888888888888889,
  0.06211111111111111,
  0.0074444444444444445,
  0.030111111111111113,
  0.00011111111111111112,
  0.0012222222222222222,
  0.0006666666666666666,
  0.005333333333333333,
  0.0008888888888888889,
  0.0067777777777777775,
  0.0005555555555555556,
  0.003111111111111111,
  0.0,
  0.00011111111111111112,
  0.0007777777777777777,
  0.0015555555555555555,
  0.0035555555555555557,
  0.033555555555555554,
  0.0038888888888888888,
  0.017,
  0.00011111111111111112,
  0.002111111111111111,
  0.0013333333333333333,
  0.009666666666666667,
  0.0008888888888888889,
  0.015333333333333332,
  0.0015555555555555555,
  0.010444444444444444,
  0.00011111111111111112,
  0.00044444444444444447,
  0.00044444444444444447,
  0.0016666666666666668,
  0.008888888888888889,
  0.07644444444444444,
  0.008666666666666666,
  0.041666666666666664,
  0.00022222222222222223,
  0.0024444444444444444,
  0.0005555555555555556,
  0.0077777777777777776
 ]
}